MejorEval,PromedioEval,ContadorFueraDeRango,UltimaEnRango
333.132915,1272.616583,0,1.0
333.132915,8146.451286,0,1.0
283.402494,3745.681252,0,1.0
121.001934,2143.040722,0,1.0
107.015372,2394.759951,0,1.0
107.015372,7502.758130,0,1.0
107.015372,3729.516752,0,1.0
107.015372,8512.694619,0,1.0
76.597658,70565.570957,0,1.0
49.258038,26419.713292,0,1.0
49.258038,90268.774044,0,1.0
49.258038,4586.593610,0,1.0
49.258038,23429.538657,0,1.0
49.258038,57620.394422,0,1.0
49.258038,6274.550093,0,1.0
49.258038,40904.320444,0,1.0
49.258038,8062.850767,0,1.0
49.258038,5371.923818,0,1.0
49.258038,9195.939696,0,1.0
49.258038,2797.931844,0,1.0
49.258038,5426.684447,0,1.0
36.599383,2744.845633,0,1.0
20.592471,2684.956430,0,1.0
20.592471,1876.080541,0,1.0
20.592471,978.744183,0,1.0
20.592471,4224.946010,0,1.0
20.592471,814.818962,0,1.0
20.592471,1737.898450,0,1.0
20.592471,1799.177449,0,1.0
20.592471,751.190934,0,1.0
20.592471,1187.406992,0,1.0
20.592471,1957.094631,0,1.0
14.809530,10251.518475,0,1.0
12.922760,1814.157509,0,1.0
12.922760,662.501826,0,1.0
12.922760,1541.786643,0,1.0
12.922760,1368.065335,0,1.0
12.359268,792.423338,0,1.0
10.927871,505.865528,0,1.0
10.927871,1642.729576,0,1.0
10.927871,1206.863744,0,1.0
10.927871,2082.495941,0,1.0
10.920736,377.101232,0,1.0
10.920736,1473.959203,0,1.0
10.920736,723.838840,0,1.0
10.920736,1268.285137,0,1.0
9.806634,1430.645475,0,1.0
9.806634,2891.917739,0,1.0
9.806634,1026.663968,0,1.0
9.806634,1467.296966,0,1.0
9.806634,164.353651,0,1.0
9.806634,368.101758,0,1.0
9.806634,302.782387,0,1.0
9.618273,708.776021,0,1.0
9.618273,388.848356,0,1.0
9.618273,818.980754,0,1.0
9.618273,581.279448,0,1.0
9.618273,989.130129,0,1.0
9.618273,136.333864,0,1.0
9.618273,511.902471,0,1.0
9.618273,265.434684,0,1.0
9.618273,311.859133,0,1.0
9.618273,1422.046653,0,1.0
9.618273,5045.773458,0,1.0
9.530222,162.706088,0,1.0
8.172973,1072.110852,0,1.0
8.172973,1098.579969,0,1.0
8.172973,569.751112,0,1.0
8.172973,66.605430,0,1.0
8.172973,63.499507,0,1.0
8.172973,224.389709,0,1.0
8.172973,83.480981,0,1.0
8.172973,154.313376,0,1.0
8.172973,56.124636,0,1.0
8.172973,83.956451,0,1.0
8.172973,59.719695,0,1.0
8.172973,48.728972,0,1.0
8.172973,57.818196,0,1.0
7.855418,52.547086,0,1.0
7.855418,34.548495,0,1.0
7.855418,43.700311,0,1.0
7.796246,32.802359,0,1.0
7.796246,45.494646,0,1.0
7.796246,48.159109,0,1.0
7.796246,51.440600,0,1.0
7.796246,43.816899,0,1.0
7.796246,44.450252,0,1.0
7.747297,26.283556,0,1.0
7.747297,72.554044,0,1.0
7.747297,377.944674,0,1.0
7.747297,171.552061,0,1.0
7.598315,1091.783988,0,1.0
7.477032,79.235829,0,1.0
7.468742,21.450292,0,1.0
7.444552,44.699035,0,1.0
7.444037,205.913044,0,1.0
7.444037,252.817559,0,1.0
7.444037,39.062121,0,1.0
7.444037,212.712848,0,1.0
7.444037,92.799580,0,1.0
7.444037,355.187315,0,1.0
7.444037,28.062158,0,1.0
7.444037,18.798778,0,1.0
7.444037,13.237052,0,1.0
7.444037,21.985067,0,1.0
7.444037,30.868877,0,1.0
7.444037,22.018251,0,1.0
7.444037,12.461713,0,1.0
7.444037,183.836378,0,1.0
7.444037,166.628157,0,1.0
7.444037,28.836042,0,1.0
7.425830,125.458926,0,1.0
7.425830,584.670052,0,1.0
7.425830,13.200823,0,1.0
7.425830,573.619032,0,1.0
7.425830,443.507872,0,1.0
7.425830,12.295020,0,1.0
7.425830,55.939371,0,1.0
7.425830,15.295735,0,1.0
7.425830,41.744203,0,1.0
7.425830,16.990061,0,1.0
7.425416,10.447150,0,1.0
7.425416,11.695172,0,1.0
7.425416,12.197798,0,1.0
7.425416,11.133159,0,1.0
7.425416,11.624593,0,1.0
7.425416,10.154495,0,1.0
7.425416,10.256689,0,1.0
7.425416,9.626048,0,1.0
7.425416,9.383984,0,1.0
7.425357,9.792612,0,1.0
7.425357,10.083118,0,1.0
7.425357,9.407880,0,1.0
7.425357,10.255246,0,1.0
7.405065,9.284702,0,1.0
7.405065,10.406216,0,1.0
7.405065,10.000368,0,1.0
7.405065,10.441344,0,1.0
7.405065,9.324944,0,1.0
7.405065,10.238413,0,1.0
7.387556,9.016644,0,1.0
7.382915,9.532765,0,1.0
7.382915,9.275831,0,1.0
7.382915,9.263028,0,1.0
7.322556,9.342009,0,1.0
7.322556,9.023186,0,1.0
7.322556,8.912221,0,1.0
7.322556,8.628311,0,1.0
7.322556,9.054535,0,1.0
7.322556,8.581075,0,1.0
7.322556,8.719758,0,1.0
7.322556,8.614195,0,1.0
7.292321,8.510091,0,1.0
7.259313,8.490320,0,1.0
7.254666,8.484686,0,1.0
7.225586,8.506497,0,1.0
7.225586,8.420731,0,1.0
7.225586,8.762464,0,1.0
7.225586,9.020098,0,1.0
7.225586,9.013948,0,1.0
7.190110,8.255763,0,1.0
7.169748,8.870164,0,1.0
7.169748,9.087928,0,1.0
7.169748,9.101848,0,1.0
7.149377,9.349986,0,1.0
7.049708,8.912519,0,1.0
7.049708,9.845246,0,1.0
7.049708,11.644178,0,1.0
7.049708,12.677279,0,1.0
7.049708,10.570445,0,1.0
7.049708,10.560572,0,1.0
7.049708,10.376579,0,1.0
7.049708,9.778440,0,1.0
6.961286,16.583449,0,1.0
6.952273,15.139166,0,1.0
6.857142,8.927554,0,1.0
6.818704,10.127824,0,1.0
6.724564,9.288045,0,1.0
6.677562,11.127442,0,1.0
6.523181,11.265988,0,1.0
6.345797,14.741794,0,1.0
6.243057,18.301150,0,1.0
6.243057,37.498462,0,1.0
6.243057,21.701002,0,1.0
6.243057,20.115865,0,1.0
6.243057,21.607044,0,1.0
6.210916,21.039830,0,1.0
6.210916,25.012995,0,1.0
6.210916,28.352748,0,1.0
6.210916,52.063464,0,1.0
6.210916,34.386790,0,1.0
6.210916,32.167548,0,1.0
6.210916,33.761854,0,1.0
6.210916,35.141821,0,1.0
6.210916,27.909738,0,1.0
6.210916,27.601191,0,1.0
6.210916,27.228842,0,1.0
6.210916,28.446230,0,1.0
6.210916,29.904229,0,1.0
6.210916,37.765846,0,1.0
6.210916,26.869747,0,1.0
6.209732,22.241275,0,1.0
6.209732,27.877256,0,1.0
6.209732,25.973227,0,1.0
6.209732,19.609539,0,1.0
6.191364,24.313137,0,1.0
6.191364,26.124031,0,1.0
6.179356,28.943737,0,1.0
6.138891,18.886606,0,1.0
6.138891,19.170731,0,1.0
6.138891,19.959286,0,1.0
6.138891,25.374614,0,1.0
6.138891,27.347151,0,1.0
6.138891,41.462710,0,1.0
6.118260,19.652780,0,1.0
6.118260,31.275626,0,1.0
6.118260,26.777778,0,1.0
6.118260,31.399290,0,1.0
6.101482,28.242733,0,1.0
6.101482,35.166417,0,1.0
6.101482,143.980702,0,1.0
6.101482,25.966824,0,1.0
6.083630,34.903706,0,1.0
6.083630,40.614081,0,1.0
6.083630,37.062931,0,1.0
6.083630,33.777163,0,1.0
6.083630,28.242072,0,1.0
6.083630,48.841867,0,1.0
6.083630,123.656178,0,1.0
6.083630,32.935674,0,1.0
6.083630,29.544850,0,1.0
6.083630,28.914796,0,1.0
6.039643,150.958192,0,1.0
6.023958,23.967240,0,1.0
6.020187,18.657523,0,1.0
6.015378,23.529420,0,1.0
5.993038,21.588296,0,1.0
5.970358,18.032240,0,1.0
5.961792,22.646581,0,1.0
5.944641,28.354699,0,1.0
5.928306,20.017752,0,1.0
5.892346,19.579408,0,1.0
5.870171,20.133143,0,1.0
5.867005,20.314999,0,1.0
5.867005,23.177545,0,1.0
5.845119,21.278077,0,1.0
5.843990,15.814983,0,1.0
5.831517,19.426296,0,1.0
5.821434,26.981936,0,1.0
5.769444,17.337234,0,1.0
5.718476,16.216225,0,1.0
5.696189,16.282298,0,1.0
5.675721,16.788279,0,1.0
5.606624,14.379617,0,1.0
5.606624,19.723684,0,1.0
5.606624,14.937132,0,1.0
5.585691,28.381481,0,1.0
5.585691,22.715732,0,1.0
5.585691,34.293617,0,1.0
5.573224,22.529528,0,1.0
5.572785,80.160620,0,1.0
5.564190,23.503269,0,1.0
5.553770,17.491123,0,1.0
5.524560,23.114363,0,1.0
5.516369,19.473222,0,1.0
5.504147,21.732105,0,1.0
5.473391,27.768837,0,1.0
5.463062,27.577935,0,1.0
5.450817,24.146223,0,1.0
5.432282,27.125530,0,1.0
5.420858,22.143877,0,1.0
5.420858,23.503266,0,1.0
5.420858,26.823782,0,1.0
5.419612,38.601940,0,1.0
5.393982,17.394393,0,1.0
5.393982,24.770508,0,1.0
5.393982,21.513774,0,1.0
5.393982,33.469802,0,1.0
5.393982,21.483799,0,1.0
5.393982,29.122445,0,1.0
5.392602,35.547259,0,1.0
5.392602,24.211922,0,1.0
5.392602,26.085282,0,1.0
5.392602,26.746449,0,1.0
5.392602,27.708815,0,1.0
5.392602,33.113476,0,1.0
5.367878,17.015594,0,1.0
5.367878,25.543373,0,1.0
5.367878,21.995533,0,1.0
5.367878,35.584056,0,1.0
5.367878,28.057365,0,1.0
5.367878,17.436763,0,1.0
5.367878,25.399671,0,1.0
5.367878,25.415464,0,1.0
5.366992,22.992725,0,1.0
5.366992,20.000611,0,1.0
5.366992,21.682897,0,1.0
5.366992,40.671569,0,1.0
5.348943,41.441827,0,1.0
5.348943,21.967958,0,1.0
5.334478,23.493120,0,1.0
5.318791,27.106183,0,1.0
5.311941,23.362989,0,1.0
5.311941,25.738563,0,1.0
5.311941,38.969717,0,1.0
5.303349,24.121963,0,1.0
5.276560,44.406019,0,1.0
5.270174,47.765690,0,1.0
5.262923,24.130381,0,1.0
5.262923,36.266190,0,1.0
5.262923,31.984705,0,1.0
5.244723,57.256200,0,1.0
5.232146,50.154939,0,1.0
5.232146,25.084520,0,1.0
5.232146,33.691649,0,1.0
5.231072,27.768093,0,1.0
5.159811,32.819975,0,1.0
5.159811,29.695036,0,1.0
5.159811,23.925668,0,1.0
5.145347,35.309628,0,1.0
5.132497,28.016479,0,1.0
5.132497,30.582881,0,1.0
5.132497,17.768216,0,1.0
5.132497,26.430227,0,1.0
5.132497,23.410944,0,1.0
5.132497,20.841103,0,1.0
5.112410,24.012626,0,1.0
5.109825,37.967855,0,1.0
5.070249,74.845104,0,1.0
5.070249,29.971729,0,1.0
5.070249,32.706974,0,1.0
5.044424,56.087980,0,1.0
5.024748,56.262837,0,1.0
5.024748,31.343180,0,1.0
5.008091,49.966049,0,1.0
5.008091,57.103579,0,1.0
5.008091,45.738602,0,1.0
4.981008,74.804832,0,1.0
4.981008,40.661049,0,1.0
4.981008,60.624501,0,1.0
4.898562,53.748684,0,1.0
4.898562,44.063384,0,1.0
4.898562,44.333421,0,1.0
4.898562,32.526630,0,1.0
4.856684,60.631998,0,1.0
4.856684,72.819324,0,1.0
4.856684,59.174319,0,1.0
4.856684,60.869052,0,1.0
4.856684,44.756960,0,1.0
4.856684,55.465810,0,1.0
4.855097,29.387476,0,1.0
4.855097,48.089542,0,1.0
4.855097,41.620551,0,1.0
4.855097,41.592493,0,1.0
4.855097,38.877791,0,1.0
4.849712,41.861642,0,1.0
4.834890,33.003971,0,1.0
4.822003,26.854794,0,1.0
4.817436,44.603795,0,1.0
4.817436,29.637483,0,1.0
4.817436,35.082341,0,1.0
4.817436,33.033368,0,1.0
4.817436,62.114253,0,1.0
4.795716,29.217541,0,1.0
4.795716,31.337838,0,1.0
4.795716,49.951128,0,1.0
4.795716,43.543502,0,1.0
4.795716,28.624885,0,1.0
4.795716,35.869222,0,1.0
4.795716,28.394214,0,1.0
4.793710,33.906164,0,1.0
4.791093,36.313950,0,1.0
4.790908,24.680064,0,1.0
4.790610,40.469323,0,1.0
4.787605,27.150098,0,1.0
4.787605,50.670282,0,1.0
4.784842,22.810396,0,1.0
4.784160,27.555802,0,1.0
4.779860,20.090762,0,1.0
4.779860,29.425333,0,1.0
4.779860,72.442825,0,1.0
4.779860,28.006494,0,1.0
4.778057,28.811117,0,1.0
4.778057,27.275441,0,1.0
4.770965,61.807041,0,1.0
4.770965,163.436800,0,1.0
4.770965,49.841158,0,1.0
4.770965,43.487369,0,1.0
4.770965,46.603266,0,1.0
4.770965,50.585886,0,1.0
4.770965,44.958460,0,1.0
4.770965,52.593510,0,1.0
4.770965,53.742343,0,1.0
4.770965,40.237932,0,1.0
4.770965,34.972474,0,1.0
4.770965,29.711760,0,1.0
4.770965,39.196503,0,1.0
4.760641,31.704265,0,1.0
4.760641,36.629311,0,1.0
4.756978,51.077267,0,1.0
4.756230,113.048341,0,1.0
4.736405,36.876546,0,1.0
4.733933,103.019082,0,1.0
4.730588,43.059823,0,1.0
4.730588,78.559355,0,1.0
4.728279,65.530051,0,1.0
4.727492,61.370122,0,1.0
4.705695,35.002720,0,1.0
4.700873,90.857550,0,1.0
4.692681,134.075941,0,1.0
4.679422,37.834866,0,1.0
4.677760,82.429558,0,1.0
4.668527,163.149433,0,1.0
4.656257,76.284515,0,1.0
4.642282,43.812974,0,1.0
4.577460,36.229065,0,1.0
4.553079,54.982762,0,1.0
4.532494,69.117181,0,1.0
4.494104,26.928335,0,1.0
4.472638,55.537322,0,1.0
4.447528,54.734352,0,1.0
4.366875,62.191293,0,1.0
4.324689,63.938540,0,1.0
4.303033,59.132095,0,1.0
4.297857,83.941232,0,1.0
4.221974,42.224296,0,1.0
4.221253,55.502890,0,1.0
4.111755,81.246986,0,1.0
4.102278,117.198567,0,1.0
4.027042,73.906963,0,1.0
4.022119,152.408064,0,1.0
3.830573,97.662664,0,1.0
3.830573,72.168743,0,1.0
3.810636,89.542400,0,1.0
3.810636,91.554347,0,1.0
3.810636,115.929913,0,1.0
3.810636,66.494210,0,1.0
3.810636,70.738212,0,1.0
3.810064,63.172814,0,1.0
3.810064,69.593366,0,1.0
3.810064,88.776378,0,1.0
3.803984,80.141061,0,1.0
3.803984,85.909973,0,1.0
3.803984,130.316526,0,1.0
3.803984,116.509499,0,1.0
3.803984,71.283267,0,1.0
3.803984,139.313237,0,1.0
3.803984,91.788349,0,1.0
3.803984,78.797232,0,1.0
3.803984,87.316534,0,1.0
3.803984,106.698915,0,1.0
3.803984,116.551418,0,1.0
3.794913,119.310176,0,1.0
3.792810,98.172739,0,1.0
3.792810,114.469984,0,1.0
3.792810,149.488151,0,1.0
3.792810,190.845206,0,1.0
3.792810,122.618932,0,1.0
3.789271,96.640800,0,1.0
3.785752,106.176621,0,1.0
3.785752,167.086711,0,1.0
3.785752,326.653295,0,1.0
3.784065,165.177311,0,1.0
3.689012,170.770816,0,1.0
3.662344,108.350059,0,1.0
3.662344,256.689506,0,1.0
3.662344,220.242634,0,1.0
3.656278,145.110618,0,1.0
3.656278,103.376519,0,1.0
3.656278,208.820871,0,1.0
3.656278,174.807896,0,1.0
3.656278,208.453112,0,1.0
3.656278,132.131697,0,1.0
3.656278,206.612024,0,1.0
3.656278,179.733685,0,1.0
3.656278,514.651088,0,1.0
3.648459,134.079751,0,1.0
3.648459,105.653836,0,1.0
3.648459,73.667816,0,1.0
3.648459,112.902940,0,1.0
3.581906,96.096329,0,1.0
3.581906,84.174260,0,1.0
3.581906,95.871609,0,1.0
3.576413,128.280263,0,1.0
3.576413,126.308307,0,1.0
3.576413,125.123836,0,1.0
3.576413,129.581237,0,1.0
3.571193,157.978543,0,1.0
3.571193,137.643807,0,1.0
3.571193,173.603951,0,1.0
3.571193,110.934756,0,1.0
3.516107,196.867403,0,1.0
3.516107,155.329495,0,1.0
3.516107,228.275571,0,1.0
3.516107,202.009094,0,1.0
3.516107,132.242081,0,1.0
3.516107,147.566089,0,1.0
3.505173,207.961076,0,1.0
3.505173,120.273102,0,1.0
3.505173,163.820315,0,1.0
3.470628,110.835391,0,1.0
3.470628,164.241303,0,1.0
3.470628,208.148873,0,1.0
3.470628,429.943396,0,1.0
3.470628,133.984882,0,1.0
3.465706,225.183457,0,1.0
3.465706,126.580099,0,1.0
3.427149,461.199082,0,1.0
3.420227,120.184951,0,1.0
3.415179,171.046260,0,1.0
3.415179,148.168602,0,1.0
3.415179,124.828056,0,1.0
3.415179,120.931199,0,1.0
3.415179,236.323188,0,1.0
3.415179,332.082634,0,1.0
3.415179,180.726597,0,1.0
3.410057,115.309856,0,1.0
3.410057,128.063295,0,1.0
3.408332,278.618925,0,1.0
3.402326,233.757886,0,1.0
3.388699,206.974271,0,1.0
3.387138,92.131051,0,1.0
3.357723,392.382566,0,1.0
3.357723,192.210182,0,1.0
3.357723,128.618713,0,1.0
3.357723,260.088437,0,1.0
3.357723,506.328853,0,1.0
3.342801,315.813648,0,1.0
3.341769,203.043984,0,1.0
3.341769,251.501358,0,1.0
3.341769,539.458329,0,1.0
3.337300,281.369813,0,1.0
3.318505,691.412159,0,1.0
3.318505,203.090685,0,1.0
3.318505,476.310099,0,1.0
3.318505,808.864938,0,1.0
3.318505,5806.901870,0,1.0
3.318505,381.343480,0,1.0
3.318505,2923.857222,0,1.0
3.312220,199.207837,0,1.0
3.312220,541.892965,0,1.0
3.312220,95.990872,0,1.0
3.312220,201.719109,0,1.0
3.312220,194.036474,0,1.0
3.310461,314.831485,0,1.0
3.302582,204.523107,0,1.0
3.302582,541.646887,0,1.0
3.302582,1222.665526,0,1.0
3.300778,221.388508,0,1.0
3.300778,461.102332,0,1.0
3.294614,376.589763,0,1.0
3.286197,758.117761,0,1.0
3.286197,750.663239,0,1.0
3.286197,328.975914,0,1.0
3.282826,826.041492,0,1.0
3.282826,273.485307,0,1.0
3.282826,1770.688923,0,1.0
3.282826,894.315774,0,1.0
3.282826,2387.328525,0,1.0
3.282826,395.764619,0,1.0
3.282826,1212.789050,0,1.0
3.276655,2682.267238,0,1.0
3.276655,871.729829,0,1.0
3.276655,1140.332947,0,1.0
3.276655,1971.394445,0,1.0
3.276655,823.267101,0,1.0
3.276655,2116.156366,0,1.0
3.276655,212.925738,0,1.0
3.276146,1358.130569,0,1.0
3.271375,4792.938848,0,1.0
3.271375,1267.312480,0,1.0
3.271375,9019.426148,0,1.0
3.271375,13756.193141,0,1.0
3.271375,3124.537549,0,1.0
3.271375,9945.653694,0,1.0
3.271375,1363.911803,0,1.0
3.271375,2496.600427,0,1.0
3.271375,289.388260,0,1.0
3.271375,6802.726146,0,1.0
3.271375,223.517637,0,1.0
3.267800,2153.401051,0,1.0
3.267800,3243.816924,0,1.0
3.267800,1013.303995,0,1.0
3.267800,10423.823254,0,1.0
3.265216,811.933772,0,1.0
3.265216,683.745265,0,1.0
3.263855,270.128579,0,1.0
3.263267,369.063191,0,1.0
3.262581,200.747409,0,1.0
3.261298,165.791801,0,1.0
3.261208,152.302279,0,1.0
3.261208,271.090670,0,1.0
3.261208,303.646639,0,1.0
3.261208,353.561768,0,1.0
3.261079,506.027022,0,1.0
3.260975,134.437891,0,1.0
3.260184,265.006710,0,1.0
3.259404,111.584889,0,1.0
3.259404,88.195546,0,1.0
3.249008,87.416457,0,1.0
3.249008,95.301123,0,1.0
3.249008,101.873944,0,1.0
3.249008,156.504971,0,1.0
3.247180,262.739769,0,1.0
3.240644,115.096616,0,1.0
3.239780,154.868820,0,1.0
3.234411,124.080297,0,1.0
3.234411,165.680849,0,1.0
3.233190,205.470825,0,1.0
3.230804,104.149328,0,1.0
3.228505,185.957610,0,1.0
3.228368,196.747497,0,1.0
3.223590,301.498362,0,1.0
3.222190,190.101004,0,1.0
3.222190,154.528269,0,1.0
3.222190,266.159512,0,1.0
3.222190,169.932312,0,1.0
3.219795,254.664009,0,1.0
3.219795,558.169556,0,1.0
3.219404,469.409052,0,1.0
3.214177,228.228148,0,1.0
3.214177,312.397368,0,1.0
3.214177,263.122788,0,1.0
3.214177,216.231513,0,1.0
3.210509,537.998312,0,1.0
3.200980,131.134012,0,1.0
3.200980,101.183356,0,1.0
3.200980,153.063843,0,1.0
3.200980,119.121651,0,1.0
3.200980,153.762597,0,1.0
3.200980,179.445134,0,1.0
3.198476,113.217779,0,1.0
3.198476,244.285765,0,1.0
3.198476,172.450270,0,1.0
3.195525,212.365094,0,1.0
3.190758,253.036829,0,1.0
3.190758,217.935550,0,1.0
3.190758,415.903942,0,1.0
3.190758,265.401986,0,1.0
3.190758,776.424993,0,1.0
3.190341,582.803043,0,1.0
3.190341,4177.724115,0,1.0
3.190341,981.572490,0,1.0
3.189833,15796.041386,0,1.0
3.188215,56380.452974,0,1.0
3.188215,213.414671,0,1.0
3.188215,24479.628691,0,1.0
3.187642,84376.213295,0,1.0
3.185227,25325.393134,0,1.0
3.180939,235578.412663,0,1.0
3.180066,1538.394016,0,1.0
3.179770,263126.905442,0,1.0
3.179506,384.006345,0,1.0
3.179506,79251.146873,0,1.0
3.170635,25701.208495,0,1.0
3.166661,39200.378172,0,1.0
3.164635,69656.255326,0,1.0
3.157457,5829.823756,0,1.0
3.154908,330.210509,0,1.0
3.153933,1714.276802,0,1.0
3.150898,141.024803,0,1.0
3.148605,1211.461785,0,1.0
3.139853,263.492576,0,1.0
3.138750,620.669371,0,1.0
3.137945,307.677705,0,1.0
3.123612,431.459448,0,1.0
3.117897,422.042719,0,1.0
3.116526,769.080800,0,1.0
3.116526,552.196240,0,1.0
3.116526,5834.050129,0,1.0
3.114522,474.791106,0,1.0
3.111048,589.147512,0,1.0
3.109125,426.881569,0,1.0
3.105033,2038.613350,0,1.0
3.098057,723.588190,0,1.0
3.092984,473.595415,0,1.0
3.088203,839.156945,0,1.0
3.088203,882.020777,0,1.0
3.088203,865.443269,0,1.0
3.088203,295.149789,0,1.0
3.088203,182.469887,0,1.0
3.082650,140.019625,0,1.0
3.082650,198.676632,0,1.0
3.082650,217.852398,0,1.0
3.082650,392.343851,0,1.0
3.070658,111.827789,0,1.0
3.070658,166.692496,0,1.0
3.070658,128.202304,0,1.0
3.070658,170.331401,0,1.0
3.067965,127.170920,0,1.0
3.067965,101.779973,0,1.0
3.067965,297.271259,0,1.0
3.067965,208.042319,0,1.0
3.067965,123.601241,0,1.0
3.067965,154.651297,0,1.0
3.067965,130.026582,0,1.0
3.067965,204.472079,0,1.0
3.067965,117.915440,0,1.0
3.067965,104.131074,0,1.0
3.067894,158.141583,0,1.0
3.066018,239.699511,0,1.0
3.066018,145.670567,0,1.0
3.066018,252.445970,0,1.0
3.066018,915.643232,0,1.0
3.066018,4215.736981,0,1.0
3.066018,161.584962,0,1.0
3.066018,2343.195472,0,1.0
3.063064,216.680210,0,1.0
3.063064,1650.535035,0,1.0
3.063064,3578.761814,0,1.0
3.063064,659.248549,0,1.0
3.063064,295.993100,0,1.0
3.063064,246.207353,0,1.0
3.061809,1673.194084,0,1.0
3.061566,188.087260,0,1.0
3.061229,454.872852,0,1.0
3.060550,254.480480,0,1.0
3.060550,142.442603,0,1.0
3.060550,217.168523,0,1.0
3.060550,157.556169,0,1.0
3.058412,155.919379,0,1.0
3.058164,125.460991,0,1.0
3.056590,141.009228,0,1.0
3.052911,135.020381,0,1.0
3.052911,106.054529,0,1.0
3.051785,149.022139,0,1.0
3.049464,174.958467,0,1.0
3.048648,140.829021,0,1.0
3.047327,117.973824,0,1.0
3.043366,209.307045,0,1.0
3.041963,118.392272,0,1.0
3.037851,133.527185,0,1.0
3.036420,183.915556,0,1.0
3.032535,192.702329,0,1.0
3.028394,152.551252,0,1.0
3.028394,200.022458,0,1.0
3.025755,183.630474,0,1.0
3.018729,379.873013,0,1.0
3.017578,119.217929,0,1.0
3.016137,158.839000,0,1.0
3.014767,173.269051,0,1.0
3.013815,642.719220,0,1.0
2.998051,218.955615,0,1.0
2.995627,164.116143,0,1.0
2.982609,164.567227,0,1.0
2.976222,287.574268,0,1.0
2.964948,156.421323,0,1.0
2.963361,172.021743,0,1.0
2.951942,252.764867,0,1.0
2.942410,164.048241,0,1.0
2.942410,179.760104,0,1.0
2.940568,200.475278,0,1.0
2.927692,263.778362,0,1.0
2.925665,109.367780,0,1.0
2.912437,220.326469,0,1.0
2.908823,195.815715,0,1.0
2.903606,189.664215,0,1.0
2.895801,164.085860,0,1.0
2.895801,287.423166,0,1.0
2.895801,173.555298,0,1.0
2.894175,205.686814,0,1.0
2.894175,199.611649,0,1.0
2.894175,153.222513,0,1.0
2.894175,154.927642,0,1.0
2.893964,495.268186,0,1.0
2.893964,646.068406,0,1.0
2.893964,1165.426211,0,1.0
2.893964,2886.618085,0,1.0
2.893964,22568.847901,0,1.0
2.892510,905.160950,0,1.0
2.892510,6428.934895,0,1.0
2.892510,15643.412165,0,1.0
2.892510,198.011931,0,1.0
2.891889,2490.426899,0,1.0
2.887720,2497.413933,0,1.0
2.865129,1986.714236,0,1.0
2.857136,2682.306396,0,1.0
2.856146,8336.090386,0,1.0
2.856146,123.260292,0,1.0
2.852849,2107.129395,0,1.0
2.845516,235.758997,0,1.0
2.839286,1112.037853,0,1.0
2.831141,357.525734,0,1.0
2.823308,280.917779,0,1.0
2.809623,218.194495,0,1.0
2.809623,271.819592,0,1.0
2.809623,271.378505,0,1.0
2.800822,432.444073,0,1.0
2.800822,476.770182,0,1.0
2.795245,250.220252,0,1.0
2.782927,252.129103,0,1.0
2.773938,179.512513,0,1.0
2.762267,210.624510,0,1.0
2.761031,439.673099,0,1.0
2.761031,225.557576,0,1.0
2.761031,222.973529,0,1.0
2.755771,187.810102,0,1.0
2.755771,333.041460,0,1.0
2.755771,258.365500,0,1.0
2.751825,186.373200,0,1.0
2.750385,245.158291,0,1.0
2.730459,337.615186,0,1.0
2.722772,643.111028,0,1.0
2.718008,230.985931,0,1.0
2.709788,209.124849,0,1.0
2.706268,191.652847,0,1.0
2.706268,398.418901,0,1.0
2.704156,604.759098,0,1.0
2.704156,221.664177,0,1.0
2.704156,289.587361,0,1.0
2.704156,325.164850,0,1.0
2.704156,491.380686,0,1.0
2.704156,549.031574,0,1.0
2.704156,290.574590,0,1.0
2.704156,365.395454,0,1.0
2.704156,322.446622,0,1.0
2.702186,287.265176,0,1.0
2.702186,343.864390,0,1.0
2.699871,356.466811,0,1.0
2.696463,180.209192,0,1.0
2.695221,274.427464,0,1.0
2.695221,433.826069,0,1.0
2.692965,334.175992,0,1.0
2.689908,388.362367,0,1.0
2.686286,226.555023,0,1.0
2.684355,474.430494,0,1.0
2.680404,416.027167,0,1.0
2.673654,230.863245,0,1.0
2.670194,384.975242,0,1.0
2.669575,405.183245,0,1.0
2.662109,303.243890,0,1.0
2.655803,217.675195,0,1.0
2.645473,218.717445,0,1.0
2.637946,197.699690,0,1.0
2.624814,249.116810,0,1.0
2.617859,338.512259,0,1.0
2.606419,582.159242,0,1.0
2.592161,779.068354,0,1.0
2.581291,335.814154,0,1.0
2.568920,239.027228,0,1.0
2.555479,707.145792,0,1.0
2.544531,223.852560,0,1.0
2.543586,502.633381,0,1.0
2.543586,171.591736,0,1.0
2.543586,297.390105,0,1.0
2.536847,280.964919,0,1.0
2.536847,274.797989,0,1.0
2.536847,471.267215,0,1.0
2.536847,367.037764,0,1.0
2.532470,410.030682,0,1.0
2.532470,220.954013,0,1.0
2.532470,168.157456,0,1.0
2.532470,230.836184,0,1.0
2.532470,219.439896,0,1.0
2.532470,476.496336,0,1.0
2.524627,479.949067,0,1.0
2.524187,282.043181,0,1.0
2.519799,675.386009,0,1.0
2.510667,416.241585,0,1.0
2.496883,289.482872,0,1.0
2.489078,166.567535,0,1.0
2.481454,324.203031,0,1.0
2.476306,337.361438,0,1.0
2.473918,386.059982,0,1.0
2.469808,177.187319,0,1.0
2.462758,307.044008,0,1.0
2.450787,931.234467,0,1.0
2.431402,2479.351292,0,1.0
2.419567,436.729143,0,1.0
2.396347,699.100450,0,1.0
2.383185,2208.790416,0,1.0
2.369485,1017.976368,0,1.0
2.358181,262.311333,0,1.0
2.342206,463.473063,0,1.0
2.313273,356.291382,0,1.0
2.291705,280.358181,0,1.0
2.271546,382.241357,0,1.0
2.249145,363.414576,0,1.0
2.228636,852.177017,0,1.0
2.221566,325.255128,0,1.0
2.205214,347.705850,0,1.0
2.196904,308.898517,0,1.0
2.181651,445.968673,0,1.0
2.149636,427.543845,0,1.0
2.137323,223.272863,0,1.0
2.137323,274.764041,0,1.0
2.118142,276.111717,0,1.0
2.108771,579.148669,0,1.0
2.108771,527.075814,0,1.0
2.108771,452.543899,0,1.0
2.101170,539.156093,0,1.0
2.101170,570.133909,0,1.0
2.101170,609.998957,0,1.0
2.101170,335.932957,0,1.0
2.101170,766.389137,0,1.0
2.101170,450.263361,0,1.0
2.095691,397.712004,0,1.0
2.081255,417.633659,0,1.0
2.079767,415.360635,0,1.0
2.073310,1551.678635,0,1.0
2.073310,7082.585055,0,1.0
2.073310,1517.319978,0,1.0
2.073310,921.732850,0,1.0
2.069025,224.487564,0,1.0
2.057933,673.431524,0,1.0
2.057933,498.867747,0,1.0
2.043409,401.681752,0,1.0
2.043409,381.490573,0,1.0
2.043409,988.970187,0,1.0
2.043409,2138.229382,0,1.0
2.032610,604.152636,0,1.0
2.017165,840.233799,0,1.0
2.017165,1065.992247,0,1.0
2.017165,5640.514380,0,1.0
2.017165,17349.345835,0,1.0
2.004908,871.115341,0,1.0
2.004908,6614.054147,0,1.0
2.004908,564.625087,0,1.0
1.999829,603.082905,0,1.0
1.993971,519.100987,0,1.0
1.993971,253.136807,0,1.0
1.987727,321.214114,0,1.0
1.969810,504.538559,0,1.0
1.954601,204.141500,0,1.0
1.940216,236.644128,0,1.0
1.940216,208.752734,0,1.0
1.940216,283.736341,0,1.0
1.934052,165.114056,0,1.0
1.928096,240.275317,0,1.0
1.897018,514.269869,0,1.0
1.877601,282.803204,0,1.0
1.860516,248.257177,0,1.0
1.838421,206.099086,0,1.0
1.826839,221.633940,0,1.0
1.811143,439.578748,0,1.0
1.802997,267.358222,0,1.0
1.802407,692.174720,0,1.0
1.802407,330.575518,0,1.0
1.784243,460.112870,0,1.0
1.774173,519.055779,0,1.0
1.774173,1614.898611,0,1.0
1.774173,2695.711997,0,1.0
1.774173,8294.481877,0,1.0
1.774118,8145.572050,0,1.0
1.774118,353.445833,0,1.0
1.751442,3480.860027,0,1.0
1.751442,2284.028276,0,1.0
1.751442,480.787711,0,1.0
1.740024,212.500086,0,1.0
1.735392,391.468270,0,1.0
1.735392,712.462901,0,1.0
1.735065,306.541965,0,1.0
1.735065,513.181678,0,1.0
1.735065,987.966299,0,1.0
1.735065,792.915885,0,1.0
1.729502,4243.189440,0,1.0
1.729502,11115.950940,0,1.0
1.729502,382.393585,0,1.0
1.729502,424.976048,0,1.0
1.725930,381.528135,0,1.0
1.725930,280.152539,0,1.0
1.725930,331.348529,0,1.0
1.707129,362.643168,0,1.0
1.707129,417.882921,0,1.0
1.707129,585.407238,0,1.0
1.707129,621.530537,0,1.0
1.707129,390.356043,0,1.0
1.707129,606.959474,0,1.0
1.707129,774.724353,0,1.0
1.707129,903.960524,0,1.0
1.702114,349.058984,0,1.0
1.696642,514.711653,0,1.0
1.679852,289.488362,0,1.0
1.673134,571.783802,0,1.0
1.673134,660.075568,0,1.0
1.670316,583.672491,0,1.0
1.667048,240.495960,0,1.0
1.667048,399.081061,0,1.0
1.667048,1425.555710,0,1.0
1.667048,557.461541,0,1.0
1.667048,275.906980,0,1.0
1.661756,500.721907,0,1.0
1.661756,357.095926,0,1.0
1.657774,712.861741,0,1.0
1.646293,626.214001,0,1.0
1.646293,862.250990,0,1.0
1.646293,3665.060560,0,1.0
1.646293,2843.414834,0,1.0
1.646293,775.533382,0,1.0
1.646293,1421.047506,0,1.0
1.646293,480.945115,0,1.0
1.646293,2059.729548,0,1.0
1.646293,4845.999666,0,1.0
1.644630,660.811771,0,1.0
1.644630,1386.832498,0,1.0
1.642705,843.435026,0,1.0
1.642705,1539.842756,0,1.0
1.642705,754.652601,0,1.0
1.642705,834.958470,0,1.0
1.642705,4299.520897,0,1.0
